Fecha;Año;Mes;Nombre_Mes;Día_Semana
1/01/2025;2025;1;Enero;Miércoles
2/01/2025;2025;1;Enero;Jueves
3/01/2025;2025;1;Enero;Viernes
4/01/2025;2025;1;Enero;Sábado
5/01/2025;2025;1;Enero;Domingo
6/01/2025;2025;1;Enero;Lunes
7/01/2025;2025;1;Enero;Martes
8/01/2025;2025;1;Enero;Miércoles
9/01/2025;2025;1;Enero;Jueves
10/01/2025;2025;1;Enero;Viernes
11/01/2025;2025;1;Enero;Sábado
12/01/2025;2025;1;Enero;Domingo
13/01/2025;2025;1;Enero;Lunes
14/01/2025;2025;1;Enero;Martes
15/01/2025;2025;1;Enero;Miércoles
16/01/2025;2025;1;Enero;Jueves
17/01/2025;2025;1;Enero;Viernes
18/01/2025;2025;1;Enero;Sábado
19/01/2025;2025;1;Enero;Domingo
20/01/2025;2025;1;Enero;Lunes
21/01/2025;2025;1;Enero;Martes
22/01/2025;2025;1;Enero;Miércoles
23/01/2025;2025;1;Enero;Jueves
24/01/2025;2025;1;Enero;Viernes
25/01/2025;2025;1;Enero;Sábado
26/01/2025;2025;1;Enero;Domingo
27/01/2025;2025;1;Enero;Lunes
28/01/2025;2025;1;Enero;Martes
29/01/2025;2025;1;Enero;Miércoles
30/01/2025;2025;1;Enero;Jueves
31/01/2025;2025;1;Enero;Viernes
1/02/2025;2025;2;Febrero;Sábado
2/02/2025;2025;2;Febrero;Domingo
3/02/2025;2025;2;Febrero;Lunes
4/02/2025;2025;2;Febrero;Martes
5/02/2025;2025;2;Febrero;Miércoles
6/02/2025;2025;2;Febrero;Jueves
7/02/2025;2025;2;Febrero;Viernes
8/02/2025;2025;2;Febrero;Sábado
9/02/2025;2025;2;Febrero;Domingo
10/02/2025;2025;2;Febrero;Lunes
11/02/2025;2025;2;Febrero;Martes
12/02/2025;2025;2;Febrero;Miércoles
13/02/2025;2025;2;Febrero;Jueves
14/02/2025;2025;2;Febrero;Viernes
15/02/2025;2025;2;Febrero;Sábado
16/02/2025;2025;2;Febrero;Domingo
17/02/2025;2025;2;Febrero;Lunes
18/02/2025;2025;2;Febrero;Martes
19/02/2025;2025;2;Febrero;Miércoles
20/02/2025;2025;2;Febrero;Jueves
21/02/2025;2025;2;Febrero;Viernes
22/02/2025;2025;2;Febrero;Sábado
23/02/2025;2025;2;Febrero;Domingo
24/02/2025;2025;2;Febrero;Lunes
25/02/2025;2025;2;Febrero;Martes
26/02/2025;2025;2;Febrero;Miércoles
27/02/2025;2025;2;Febrero;Jueves
28/02/2025;2025;2;Febrero;Viernes
1/03/2025;2025;3;Marzo;Sábado
2/03/2025;2025;3;Marzo;Domingo
3/03/2025;2025;3;Marzo;Lunes
4/03/2025;2025;3;Marzo;Martes
5/03/2025;2025;3;Marzo;Miércoles
6/03/2025;2025;3;Marzo;Jueves
7/03/2025;2025;3;Marzo;Viernes
8/03/2025;2025;3;Marzo;Sábado
9/03/2025;2025;3;Marzo;Domingo
10/03/2025;2025;3;Marzo;Lunes
11/03/2025;2025;3;Marzo;Martes
12/03/2025;2025;3;Marzo;Miércoles
13/03/2025;2025;3;Marzo;Jueves
14/03/2025;2025;3;Marzo;Viernes
15/03/2025;2025;3;Marzo;Sábado
16/03/2025;2025;3;Marzo;Domingo
17/03/2025;2025;3;Marzo;Lunes
18/03/2025;2025;3;Marzo;Martes
19/03/2025;2025;3;Marzo;Miércoles
20/03/2025;2025;3;Marzo;Jueves
21/03/2025;2025;3;Marzo;Viernes
22/03/2025;2025;3;Marzo;Sábado
23/03/2025;2025;3;Marzo;Domingo
24/03/2025;2025;3;Marzo;Lunes
25/03/2025;2025;3;Marzo;Martes
26/03/2025;2025;3;Marzo;Miércoles
27/03/2025;2025;3;Marzo;Jueves
28/03/2025;2025;3;Marzo;Viernes
29/03/2025;2025;3;Marzo;Sábado
30/03/2025;2025;3;Marzo;Domingo
31/03/2025;2025;3;Marzo;Lunes
1/04/2025;2025;4;Abril;Martes
2/04/2025;2025;4;Abril;Miércoles
3/04/2025;2025;4;Abril;Jueves
4/04/2025;2025;4;Abril;Viernes
5/04/2025;2025;4;Abril;Sábado
6/04/2025;2025;4;Abril;Domingo
7/04/2025;2025;4;Abril;Lunes
8/04/2025;2025;4;Abril;Martes
9/04/2025;2025;4;Abril;Miércoles
10/04/2025;2025;4;Abril;Jueves
11/04/2025;2025;4;Abril;Viernes
12/04/2025;2025;4;Abril;Sábado
13/04/2025;2025;4;Abril;Domingo
14/04/2025;2025;4;Abril;Lunes
15/04/2025;2025;4;Abril;Martes
16/04/2025;2025;4;Abril;Miércoles
17/04/2025;2025;4;Abril;Jueves
18/04/2025;2025;4;Abril;Viernes
19/04/2025;2025;4;Abril;Sábado
20/04/2025;2025;4;Abril;Domingo
21/04/2025;2025;4;Abril;Lunes
22/04/2025;2025;4;Abril;Martes
23/04/2025;2025;4;Abril;Miércoles
24/04/2025;2025;4;Abril;Jueves
25/04/2025;2025;4;Abril;Viernes
26/04/2025;2025;4;Abril;Sábado
27/04/2025;2025;4;Abril;Domingo
28/04/2025;2025;4;Abril;Lunes
29/04/2025;2025;4;Abril;Martes
30/04/2025;2025;4;Abril;Miércoles
1/05/2025;2025;5;Mayo;Jueves
2/05/2025;2025;5;Mayo;Viernes
3/05/2025;2025;5;Mayo;Sábado
4/05/2025;2025;5;Mayo;Domingo
5/05/2025;2025;5;Mayo;Lunes
6/05/2025;2025;5;Mayo;Martes
7/05/2025;2025;5;Mayo;Miércoles
8/05/2025;2025;5;Mayo;Jueves
9/05/2025;2025;5;Mayo;Viernes
10/05/2025;2025;5;Mayo;Sábado
11/05/2025;2025;5;Mayo;Domingo
12/05/2025;2025;5;Mayo;Lunes
13/05/2025;2025;5;Mayo;Martes
14/05/2025;2025;5;Mayo;Miércoles
15/05/2025;2025;5;Mayo;Jueves
16/05/2025;2025;5;Mayo;Viernes
17/05/2025;2025;5;Mayo;Sábado
18/05/2025;2025;5;Mayo;Domingo
19/05/2025;2025;5;Mayo;Lunes
20/05/2025;2025;5;Mayo;Martes
21/05/2025;2025;5;Mayo;Miércoles
22/05/2025;2025;5;Mayo;Jueves
23/05/2025;2025;5;Mayo;Viernes
24/05/2025;2025;5;Mayo;Sábado
25/05/2025;2025;5;Mayo;Domingo
26/05/2025;2025;5;Mayo;Lunes
27/05/2025;2025;5;Mayo;Martes
28/05/2025;2025;5;Mayo;Miércoles
29/05/2025;2025;5;Mayo;Jueves
30/05/2025;2025;5;Mayo;Viernes
31/05/2025;2025;5;Mayo;Sábado
1/06/2025;2025;6;Junio;Domingo
2/06/2025;2025;6;Junio;Lunes
3/06/2025;2025;6;Junio;Martes
4/06/2025;2025;6;Junio;Miércoles
5/06/2025;2025;6;Junio;Jueves
6/06/2025;2025;6;Junio;Viernes
7/06/2025;2025;6;Junio;Sábado
8/06/2025;2025;6;Junio;Domingo
9/06/2025;2025;6;Junio;Lunes
10/06/2025;2025;6;Junio;Martes
11/06/2025;2025;6;Junio;Miércoles
12/06/2025;2025;6;Junio;Jueves
13/06/2025;2025;6;Junio;Viernes
14/06/2025;2025;6;Junio;Sábado
15/06/2025;2025;6;Junio;Domingo
16/06/2025;2025;6;Junio;Lunes
17/06/2025;2025;6;Junio;Martes
18/06/2025;2025;6;Junio;Miércoles
19/06/2025;2025;6;Junio;Jueves
20/06/2025;2025;6;Junio;Viernes
21/06/2025;2025;6;Junio;Sábado
22/06/2025;2025;6;Junio;Domingo
23/06/2025;2025;6;Junio;Lunes
24/06/2025;2025;6;Junio;Martes
25/06/2025;2025;6;Junio;Miércoles
26/06/2025;2025;6;Junio;Jueves
27/06/2025;2025;6;Junio;Viernes
28/06/2025;2025;6;Junio;Sábado
29/06/2025;2025;6;Junio;Domingo
30/06/2025;2025;6;Junio;Lunes
1/07/2025;2025;7;Julio;Martes
2/07/2025;2025;7;Julio;Miércoles
3/07/2025;2025;7;Julio;Jueves
4/07/2025;2025;7;Julio;Viernes
5/07/2025;2025;7;Julio;Sábado
6/07/2025;2025;7;Julio;Domingo
7/07/2025;2025;7;Julio;Lunes
8/07/2025;2025;7;Julio;Martes
9/07/2025;2025;7;Julio;Miércoles
10/07/2025;2025;7;Julio;Jueves
11/07/2025;2025;7;Julio;Viernes
12/07/2025;2025;7;Julio;Sábado
13/07/2025;2025;7;Julio;Domingo
14/07/2025;2025;7;Julio;Lunes
15/07/2025;2025;7;Julio;Martes
16/07/2025;2025;7;Julio;Miércoles
17/07/2025;2025;7;Julio;Jueves
18/07/2025;2025;7;Julio;Viernes
19/07/2025;2025;7;Julio;Sábado
20/07/2025;2025;7;Julio;Domingo
21/07/2025;2025;7;Julio;Lunes
22/07/2025;2025;7;Julio;Martes
23/07/2025;2025;7;Julio;Miércoles
24/07/2025;2025;7;Julio;Jueves
25/07/2025;2025;7;Julio;Viernes
26/07/2025;2025;7;Julio;Sábado
27/07/2025;2025;7;Julio;Domingo
28/07/2025;2025;7;Julio;Lunes
29/07/2025;2025;7;Julio;Martes
30/07/2025;2025;7;Julio;Miércoles
31/07/2025;2025;7;Julio;Jueves
1/08/2025;2025;8;Agosto;Viernes
2/08/2025;2025;8;Agosto;Sábado
3/08/2025;2025;8;Agosto;Domingo
4/08/2025;2025;8;Agosto;Lunes
5/08/2025;2025;8;Agosto;Martes
6/08/2025;2025;8;Agosto;Miércoles
7/08/2025;2025;8;Agosto;Jueves
8/08/2025;2025;8;Agosto;Viernes
9/08/2025;2025;8;Agosto;Sábado
10/08/2025;2025;8;Agosto;Domingo
11/08/2025;2025;8;Agosto;Lunes
12/08/2025;2025;8;Agosto;Martes
13/08/2025;2025;8;Agosto;Miércoles
14/08/2025;2025;8;Agosto;Jueves
15/08/2025;2025;8;Agosto;Viernes
16/08/2025;2025;8;Agosto;Sábado
17/08/2025;2025;8;Agosto;Domingo
18/08/2025;2025;8;Agosto;Lunes
19/08/2025;2025;8;Agosto;Martes
20/08/2025;2025;8;Agosto;Miércoles
21/08/2025;2025;8;Agosto;Jueves
22/08/2025;2025;8;Agosto;Viernes
23/08/2025;2025;8;Agosto;Sábado
24/08/2025;2025;8;Agosto;Domingo
25/08/2025;2025;8;Agosto;Lunes
26/08/2025;2025;8;Agosto;Martes
27/08/2025;2025;8;Agosto;Miércoles
28/08/2025;2025;8;Agosto;Jueves
29/08/2025;2025;8;Agosto;Viernes
30/08/2025;2025;8;Agosto;Sábado
31/08/2025;2025;8;Agosto;Domingo
1/09/2025;2025;9;Septiembre;Lunes
2/09/2025;2025;9;Septiembre;Martes
3/09/2025;2025;9;Septiembre;Miércoles
4/09/2025;2025;9;Septiembre;Jueves
5/09/2025;2025;9;Septiembre;Viernes
6/09/2025;2025;9;Septiembre;Sábado
7/09/2025;2025;9;Septiembre;Domingo
8/09/2025;2025;9;Septiembre;Lunes
9/09/2025;2025;9;Septiembre;Martes
10/09/2025;2025;9;Septiembre;Miércoles
11/09/2025;2025;9;Septiembre;Jueves
12/09/2025;2025;9;Septiembre;Viernes
13/09/2025;2025;9;Septiembre;Sábado
14/09/2025;2025;9;Septiembre;Domingo
15/09/2025;2025;9;Septiembre;Lunes
16/09/2025;2025;9;Septiembre;Martes
17/09/2025;2025;9;Septiembre;Miércoles
18/09/2025;2025;9;Septiembre;Jueves
19/09/2025;2025;9;Septiembre;Viernes
20/09/2025;2025;9;Septiembre;Sábado
21/09/2025;2025;9;Septiembre;Domingo
22/09/2025;2025;9;Septiembre;Lunes
23/09/2025;2025;9;Septiembre;Martes
24/09/2025;2025;9;Septiembre;Miércoles
25/09/2025;2025;9;Septiembre;Jueves
26/09/2025;2025;9;Septiembre;Viernes
27/09/2025;2025;9;Septiembre;Sábado
28/09/2025;2025;9;Septiembre;Domingo
29/09/2025;2025;9;Septiembre;Lunes
30/09/2025;2025;9;Septiembre;Martes
1/10/2025;2025;10;Octubre;Miércoles
2/10/2025;2025;10;Octubre;Jueves
3/10/2025;2025;10;Octubre;Viernes
4/10/2025;2025;10;Octubre;Sábado
5/10/2025;2025;10;Octubre;Domingo
6/10/2025;2025;10;Octubre;Lunes
7/10/2025;2025;10;Octubre;Martes
8/10/2025;2025;10;Octubre;Miércoles
9/10/2025;2025;10;Octubre;Jueves
10/10/2025;2025;10;Octubre;Viernes
11/10/2025;2025;10;Octubre;Sábado
12/10/2025;2025;10;Octubre;Domingo
13/10/2025;2025;10;Octubre;Lunes
14/10/2025;2025;10;Octubre;Martes
15/10/2025;2025;10;Octubre;Miércoles
16/10/2025;2025;10;Octubre;Jueves
17/10/2025;2025;10;Octubre;Viernes
18/10/2025;2025;10;Octubre;Sábado
19/10/2025;2025;10;Octubre;Domingo
20/10/2025;2025;10;Octubre;Lunes
21/10/2025;2025;10;Octubre;Martes
22/10/2025;2025;10;Octubre;Miércoles
23/10/2025;2025;10;Octubre;Jueves
24/10/2025;2025;10;Octubre;Viernes
25/10/2025;2025;10;Octubre;Sábado
26/10/2025;2025;10;Octubre;Domingo
27/10/2025;2025;10;Octubre;Lunes
28/10/2025;2025;10;Octubre;Martes
29/10/2025;2025;10;Octubre;Miércoles
30/10/2025;2025;10;Octubre;Jueves
31/10/2025;2025;10;Octubre;Viernes
1/11/2025;2025;11;Noviembre;Sábado
2/11/2025;2025;11;Noviembre;Domingo
3/11/2025;2025;11;Noviembre;Lunes
4/11/2025;2025;11;Noviembre;Martes
5/11/2025;2025;11;Noviembre;Miércoles
6/11/2025;2025;11;Noviembre;Jueves
7/11/2025;2025;11;Noviembre;Viernes
8/11/2025;2025;11;Noviembre;Sábado
9/11/2025;2025;11;Noviembre;Domingo
10/11/2025;2025;11;Noviembre;Lunes
11/11/2025;2025;11;Noviembre;Martes
12/11/2025;2025;11;Noviembre;Miércoles
13/11/2025;2025;11;Noviembre;Jueves
14/11/2025;2025;11;Noviembre;Viernes
15/11/2025;2025;11;Noviembre;Sábado
16/11/2025;2025;11;Noviembre;Domingo
17/11/2025;2025;11;Noviembre;Lunes
18/11/2025;2025;11;Noviembre;Martes
19/11/2025;2025;11;Noviembre;Miércoles
20/11/2025;2025;11;Noviembre;Jueves
21/11/2025;2025;11;Noviembre;Viernes
22/11/2025;2025;11;Noviembre;Sábado
23/11/2025;2025;11;Noviembre;Domingo
24/11/2025;2025;11;Noviembre;Lunes
25/11/2025;2025;11;Noviembre;Martes
26/11/2025;2025;11;Noviembre;Miércoles
27/11/2025;2025;11;Noviembre;Jueves
28/11/2025;2025;11;Noviembre;Viernes
29/11/2025;2025;11;Noviembre;Sábado
30/11/2025;2025;11;Noviembre;Domingo
1/12/2025;2025;12;Diciembre;Lunes
2/12/2025;2025;12;Diciembre;Martes
3/12/2025;2025;12;Diciembre;Miércoles
4/12/2025;2025;12;Diciembre;Jueves
5/12/2025;2025;12;Diciembre;Viernes
6/12/2025;2025;12;Diciembre;Sábado
7/12/2025;2025;12;Diciembre;Domingo
8/12/2025;2025;12;Diciembre;Lunes
9/12/2025;2025;12;Diciembre;Martes
10/12/2025;2025;12;Diciembre;Miércoles
11/12/2025;2025;12;Diciembre;Jueves
12/12/2025;2025;12;Diciembre;Viernes
13/12/2025;2025;12;Diciembre;Sábado
14/12/2025;2025;12;Diciembre;Domingo
15/12/2025;2025;12;Diciembre;Lunes
16/12/2025;2025;12;Diciembre;Martes
17/12/2025;2025;12;Diciembre;Miércoles
18/12/2025;2025;12;Diciembre;Jueves
19/12/2025;2025;12;Diciembre;Viernes
20/12/2025;2025;12;Diciembre;Sábado
21/12/2025;2025;12;Diciembre;Domingo
22/12/2025;2025;12;Diciembre;Lunes
23/12/2025;2025;12;Diciembre;Martes
24/12/2025;2025;12;Diciembre;Miércoles
25/12/2025;2025;12;Diciembre;Jueves
26/12/2025;2025;12;Diciembre;Viernes
27/12/2025;2025;12;Diciembre;Sábado
28/12/2025;2025;12;Diciembre;Domingo
29/12/2025;2025;12;Diciembre;Lunes
30/12/2025;2025;12;Diciembre;Martes
31/12/2025;2025;12;Diciembre;Miércoles
1/01/2026;2026;1;Enero;Jueves
2/01/2026;2026;1;Enero;Viernes
3/01/2026;2026;1;Enero;Sábado
4/01/2026;2026;1;Enero;Domingo
5/01/2026;2026;1;Enero;Lunes
6/01/2026;2026;1;Enero;Martes
7/01/2026;2026;1;Enero;Miércoles
8/01/2026;2026;1;Enero;Jueves
9/01/2026;2026;1;Enero;Viernes
10/01/2026;2026;1;Enero;Sábado
11/01/2026;2026;1;Enero;Domingo
12/01/2026;2026;1;Enero;Lunes
13/01/2026;2026;1;Enero;Martes
14/01/2026;2026;1;Enero;Miércoles
15/01/2026;2026;1;Enero;Jueves
16/01/2026;2026;1;Enero;Viernes
17/01/2026;2026;1;Enero;Sábado
18/01/2026;2026;1;Enero;Domingo
19/01/2026;2026;1;Enero;Lunes
20/01/2026;2026;1;Enero;Martes
21/01/2026;2026;1;Enero;Miércoles
22/01/2026;2026;1;Enero;Jueves
23/01/2026;2026;1;Enero;Viernes
24/01/2026;2026;1;Enero;Sábado
25/01/2026;2026;1;Enero;Domingo
26/01/2026;2026;1;Enero;Lunes
27/01/2026;2026;1;Enero;Martes
28/01/2026;2026;1;Enero;Miércoles
29/01/2026;2026;1;Enero;Jueves
30/01/2026;2026;1;Enero;Viernes
31/01/2026;2026;1;Enero;Sábado
1/02/2026;2026;2;Febrero;Domingo
2/02/2026;2026;2;Febrero;Lunes
3/02/2026;2026;2;Febrero;Martes
4/02/2026;2026;2;Febrero;Miércoles
5/02/2026;2026;2;Febrero;Jueves
6/02/2026;2026;2;Febrero;Viernes
7/02/2026;2026;2;Febrero;Sábado
8/02/2026;2026;2;Febrero;Domingo
9/02/2026;2026;2;Febrero;Lunes
10/02/2026;2026;2;Febrero;Martes
11/02/2026;2026;2;Febrero;Miércoles
12/02/2026;2026;2;Febrero;Jueves
13/02/2026;2026;2;Febrero;Viernes
14/02/2026;2026;2;Febrero;Sábado
15/02/2026;2026;2;Febrero;Domingo
16/02/2026;2026;2;Febrero;Lunes
17/02/2026;2026;2;Febrero;Martes
18/02/2026;2026;2;Febrero;Miércoles
19/02/2026;2026;2;Febrero;Jueves
20/02/2026;2026;2;Febrero;Viernes
21/02/2026;2026;2;Febrero;Sábado
22/02/2026;2026;2;Febrero;Domingo
23/02/2026;2026;2;Febrero;Lunes
24/02/2026;2026;2;Febrero;Martes
25/02/2026;2026;2;Febrero;Miércoles
26/02/2026;2026;2;Febrero;Jueves
27/02/2026;2026;2;Febrero;Viernes
28/02/2026;2026;2;Febrero;Sábado
1/03/2026;2026;3;Marzo;Domingo
2/03/2026;2026;3;Marzo;Lunes
3/03/2026;2026;3;Marzo;Martes
4/03/2026;2026;3;Marzo;Miércoles
5/03/2026;2026;3;Marzo;Jueves
6/03/2026;2026;3;Marzo;Viernes
7/03/2026;2026;3;Marzo;Sábado
8/03/2026;2026;3;Marzo;Domingo
9/03/2026;2026;3;Marzo;Lunes
10/03/2026;2026;3;Marzo;Martes
11/03/2026;2026;3;Marzo;Miércoles
12/03/2026;2026;3;Marzo;Jueves
13/03/2026;2026;3;Marzo;Viernes
14/03/2026;2026;3;Marzo;Sábado
15/03/2026;2026;3;Marzo;Domingo
16/03/2026;2026;3;Marzo;Lunes
17/03/2026;2026;3;Marzo;Martes
18/03/2026;2026;3;Marzo;Miércoles
19/03/2026;2026;3;Marzo;Jueves
20/03/2026;2026;3;Marzo;Viernes
21/03/2026;2026;3;Marzo;Sábado
22/03/2026;2026;3;Marzo;Domingo
23/03/2026;2026;3;Marzo;Lunes
24/03/2026;2026;3;Marzo;Martes
25/03/2026;2026;3;Marzo;Miércoles
26/03/2026;2026;3;Marzo;Jueves
27/03/2026;2026;3;Marzo;Viernes
28/03/2026;2026;3;Marzo;Sábado
29/03/2026;2026;3;Marzo;Domingo
30/03/2026;2026;3;Marzo;Lunes
31/03/2026;2026;3;Marzo;Martes
1/04/2026;2026;4;Abril;Miércoles
2/04/2026;2026;4;Abril;Jueves
3/04/2026;2026;4;Abril;Viernes
4/04/2026;2026;4;Abril;Sábado
5/04/2026;2026;4;Abril;Domingo
6/04/2026;2026;4;Abril;Lunes
7/04/2026;2026;4;Abril;Martes
8/04/2026;2026;4;Abril;Miércoles
9/04/2026;2026;4;Abril;Jueves
10/04/2026;2026;4;Abril;Viernes
11/04/2026;2026;4;Abril;Sábado
12/04/2026;2026;4;Abril;Domingo
13/04/2026;2026;4;Abril;Lunes
14/04/2026;2026;4;Abril;Martes
15/04/2026;2026;4;Abril;Miércoles
16/04/2026;2026;4;Abril;Jueves
17/04/2026;2026;4;Abril;Viernes
18/04/2026;2026;4;Abril;Sábado
19/04/2026;2026;4;Abril;Domingo
20/04/2026;2026;4;Abril;Lunes
21/04/2026;2026;4;Abril;Martes
22/04/2026;2026;4;Abril;Miércoles
23/04/2026;2026;4;Abril;Jueves
24/04/2026;2026;4;Abril;Viernes
25/04/2026;2026;4;Abril;Sábado
26/04/2026;2026;4;Abril;Domingo
27/04/2026;2026;4;Abril;Lunes
28/04/2026;2026;4;Abril;Martes
29/04/2026;2026;4;Abril;Miércoles
30/04/2026;2026;4;Abril;Jueves
1/05/2026;2026;5;Mayo;Viernes
2/05/2026;2026;5;Mayo;Sábado
3/05/2026;2026;5;Mayo;Domingo
4/05/2026;2026;5;Mayo;Lunes
5/05/2026;2026;5;Mayo;Martes
6/05/2026;2026;5;Mayo;Miércoles
7/05/2026;2026;5;Mayo;Jueves
8/05/2026;2026;5;Mayo;Viernes
9/05/2026;2026;5;Mayo;Sábado
10/05/2026;2026;5;Mayo;Domingo
11/05/2026;2026;5;Mayo;Lunes
12/05/2026;2026;5;Mayo;Martes
13/05/2026;2026;5;Mayo;Miércoles
14/05/2026;2026;5;Mayo;Jueves
15/05/2026;2026;5;Mayo;Viernes
16/05/2026;2026;5;Mayo;Sábado
17/05/2026;2026;5;Mayo;Domingo
18/05/2026;2026;5;Mayo;Lunes
19/05/2026;2026;5;Mayo;Martes
20/05/2026;2026;5;Mayo;Miércoles
21/05/2026;2026;5;Mayo;Jueves
22/05/2026;2026;5;Mayo;Viernes
23/05/2026;2026;5;Mayo;Sábado
24/05/2026;2026;5;Mayo;Domingo
25/05/2026;2026;5;Mayo;Lunes
26/05/2026;2026;5;Mayo;Martes
27/05/2026;2026;5;Mayo;Miércoles
28/05/2026;2026;5;Mayo;Jueves
29/05/2026;2026;5;Mayo;Viernes
30/05/2026;2026;5;Mayo;Sábado
31/05/2026;2026;5;Mayo;Domingo
1/06/2026;2026;6;Junio;Lunes
2/06/2026;2026;6;Junio;Martes
3/06/2026;2026;6;Junio;Miércoles
4/06/2026;2026;6;Junio;Jueves
5/06/2026;2026;6;Junio;Viernes
6/06/2026;2026;6;Junio;Sábado
7/06/2026;2026;6;Junio;Domingo
8/06/2026;2026;6;Junio;Lunes
9/06/2026;2026;6;Junio;Martes
10/06/2026;2026;6;Junio;Miércoles
11/06/2026;2026;6;Junio;Jueves
12/06/2026;2026;6;Junio;Viernes
13/06/2026;2026;6;Junio;Sábado
14/06/2026;2026;6;Junio;Domingo
15/06/2026;2026;6;Junio;Lunes
16/06/2026;2026;6;Junio;Martes
17/06/2026;2026;6;Junio;Miércoles
18/06/2026;2026;6;Junio;Jueves
19/06/2026;2026;6;Junio;Viernes
20/06/2026;2026;6;Junio;Sábado
21/06/2026;2026;6;Junio;Domingo
22/06/2026;2026;6;Junio;Lunes
23/06/2026;2026;6;Junio;Martes
24/06/2026;2026;6;Junio;Miércoles
25/06/2026;2026;6;Junio;Jueves
26/06/2026;2026;6;Junio;Viernes
27/06/2026;2026;6;Junio;Sábado
28/06/2026;2026;6;Junio;Domingo
29/06/2026;2026;6;Junio;Lunes
30/06/2026;2026;6;Junio;Martes
1/07/2026;2026;7;Julio;Miércoles
2/07/2026;2026;7;Julio;Jueves
3/07/2026;2026;7;Julio;Viernes
4/07/2026;2026;7;Julio;Sábado
5/07/2026;2026;7;Julio;Domingo
6/07/2026;2026;7;Julio;Lunes
7/07/2026;2026;7;Julio;Martes
8/07/2026;2026;7;Julio;Miércoles
9/07/2026;2026;7;Julio;Jueves
10/07/2026;2026;7;Julio;Viernes
11/07/2026;2026;7;Julio;Sábado
12/07/2026;2026;7;Julio;Domingo
13/07/2026;2026;7;Julio;Lunes
14/07/2026;2026;7;Julio;Martes
15/07/2026;2026;7;Julio;Miércoles
16/07/2026;2026;7;Julio;Jueves
17/07/2026;2026;7;Julio;Viernes
18/07/2026;2026;7;Julio;Sábado
19/07/2026;2026;7;Julio;Domingo
20/07/2026;2026;7;Julio;Lunes
21/07/2026;2026;7;Julio;Martes
22/07/2026;2026;7;Julio;Miércoles
23/07/2026;2026;7;Julio;Jueves
24/07/2026;2026;7;Julio;Viernes
25/07/2026;2026;7;Julio;Sábado
26/07/2026;2026;7;Julio;Domingo
27/07/2026;2026;7;Julio;Lunes
28/07/2026;2026;7;Julio;Martes
29/07/2026;2026;7;Julio;Miércoles
30/07/2026;2026;7;Julio;Jueves
31/07/2026;2026;7;Julio;Viernes
1/08/2026;2026;8;Agosto;Sábado
2/08/2026;2026;8;Agosto;Domingo
3/08/2026;2026;8;Agosto;Lunes
4/08/2026;2026;8;Agosto;Martes
5/08/2026;2026;8;Agosto;Miércoles
6/08/2026;2026;8;Agosto;Jueves
7/08/2026;2026;8;Agosto;Viernes
8/08/2026;2026;8;Agosto;Sábado
9/08/2026;2026;8;Agosto;Domingo
10/08/2026;2026;8;Agosto;Lunes
11/08/2026;2026;8;Agosto;Martes
12/08/2026;2026;8;Agosto;Miércoles
13/08/2026;2026;8;Agosto;Jueves
14/08/2026;2026;8;Agosto;Viernes
15/08/2026;2026;8;Agosto;Sábado
16/08/2026;2026;8;Agosto;Domingo
17/08/2026;2026;8;Agosto;Lunes
18/08/2026;2026;8;Agosto;Martes
19/08/2026;2026;8;Agosto;Miércoles
20/08/2026;2026;8;Agosto;Jueves
21/08/2026;2026;8;Agosto;Viernes
22/08/2026;2026;8;Agosto;Sábado
23/08/2026;2026;8;Agosto;Domingo
24/08/2026;2026;8;Agosto;Lunes
25/08/2026;2026;8;Agosto;Martes
26/08/2026;2026;8;Agosto;Miércoles
27/08/2026;2026;8;Agosto;Jueves
28/08/2026;2026;8;Agosto;Viernes
29/08/2026;2026;8;Agosto;Sábado
30/08/2026;2026;8;Agosto;Domingo
31/08/2026;2026;8;Agosto;Lunes
1/09/2026;2026;9;Septiembre;Martes
2/09/2026;2026;9;Septiembre;Miércoles
3/09/2026;2026;9;Septiembre;Jueves
4/09/2026;2026;9;Septiembre;Viernes
5/09/2026;2026;9;Septiembre;Sábado
6/09/2026;2026;9;Septiembre;Domingo
7/09/2026;2026;9;Septiembre;Lunes
8/09/2026;2026;9;Septiembre;Martes
9/09/2026;2026;9;Septiembre;Miércoles
10/09/2026;2026;9;Septiembre;Jueves
11/09/2026;2026;9;Septiembre;Viernes
12/09/2026;2026;9;Septiembre;Sábado
13/09/2026;2026;9;Septiembre;Domingo
14/09/2026;2026;9;Septiembre;Lunes
15/09/2026;2026;9;Septiembre;Martes
16/09/2026;2026;9;Septiembre;Miércoles
17/09/2026;2026;9;Septiembre;Jueves
18/09/2026;2026;9;Septiembre;Viernes
19/09/2026;2026;9;Septiembre;Sábado
20/09/2026;2026;9;Septiembre;Domingo
21/09/2026;2026;9;Septiembre;Lunes
22/09/2026;2026;9;Septiembre;Martes
23/09/2026;2026;9;Septiembre;Miércoles
24/09/2026;2026;9;Septiembre;Jueves
25/09/2026;2026;9;Septiembre;Viernes
26/09/2026;2026;9;Septiembre;Sábado
27/09/2026;2026;9;Septiembre;Domingo
28/09/2026;2026;9;Septiembre;Lunes
29/09/2026;2026;9;Septiembre;Martes
30/09/2026;2026;9;Septiembre;Miércoles
1/10/2026;2026;10;Octubre;Jueves
2/10/2026;2026;10;Octubre;Viernes
3/10/2026;2026;10;Octubre;Sábado
4/10/2026;2026;10;Octubre;Domingo
5/10/2026;2026;10;Octubre;Lunes
6/10/2026;2026;10;Octubre;Martes
7/10/2026;2026;10;Octubre;Miércoles
8/10/2026;2026;10;Octubre;Jueves
9/10/2026;2026;10;Octubre;Viernes
10/10/2026;2026;10;Octubre;Sábado
11/10/2026;2026;10;Octubre;Domingo
12/10/2026;2026;10;Octubre;Lunes
13/10/2026;2026;10;Octubre;Martes
14/10/2026;2026;10;Octubre;Miércoles
15/10/2026;2026;10;Octubre;Jueves
16/10/2026;2026;10;Octubre;Viernes
17/10/2026;2026;10;Octubre;Sábado
18/10/2026;2026;10;Octubre;Domingo
19/10/2026;2026;10;Octubre;Lunes
20/10/2026;2026;10;Octubre;Martes
21/10/2026;2026;10;Octubre;Miércoles
22/10/2026;2026;10;Octubre;Jueves
23/10/2026;2026;10;Octubre;Viernes
24/10/2026;2026;10;Octubre;Sábado
25/10/2026;2026;10;Octubre;Domingo
26/10/2026;2026;10;Octubre;Lunes
27/10/2026;2026;10;Octubre;Martes
28/10/2026;2026;10;Octubre;Miércoles
29/10/2026;2026;10;Octubre;Jueves
30/10/2026;2026;10;Octubre;Viernes
31/10/2026;2026;10;Octubre;Sábado
1/11/2026;2026;11;Noviembre;Domingo
2/11/2026;2026;11;Noviembre;Lunes
3/11/2026;2026;11;Noviembre;Martes
4/11/2026;2026;11;Noviembre;Miércoles
5/11/2026;2026;11;Noviembre;Jueves
6/11/2026;2026;11;Noviembre;Viernes
7/11/2026;2026;11;Noviembre;Sábado
8/11/2026;2026;11;Noviembre;Domingo
9/11/2026;2026;11;Noviembre;Lunes
10/11/2026;2026;11;Noviembre;Martes
11/11/2026;2026;11;Noviembre;Miércoles
12/11/2026;2026;11;Noviembre;Jueves
13/11/2026;2026;11;Noviembre;Viernes
14/11/2026;2026;11;Noviembre;Sábado
15/11/2026;2026;11;Noviembre;Domingo
16/11/2026;2026;11;Noviembre;Lunes
17/11/2026;2026;11;Noviembre;Martes
18/11/2026;2026;11;Noviembre;Miércoles
19/11/2026;2026;11;Noviembre;Jueves
20/11/2026;2026;11;Noviembre;Viernes
21/11/2026;2026;11;Noviembre;Sábado
22/11/2026;2026;11;Noviembre;Domingo
23/11/2026;2026;11;Noviembre;Lunes
24/11/2026;2026;11;Noviembre;Martes
25/11/2026;2026;11;Noviembre;Miércoles
26/11/2026;2026;11;Noviembre;Jueves
27/11/2026;2026;11;Noviembre;Viernes
28/11/2026;2026;11;Noviembre;Sábado
29/11/2026;2026;11;Noviembre;Domingo
30/11/2026;2026;11;Noviembre;Lunes
1/12/2026;2026;12;Diciembre;Martes
2/12/2026;2026;12;Diciembre;Miércoles
3/12/2026;2026;12;Diciembre;Jueves
4/12/2026;2026;12;Diciembre;Viernes
5/12/2026;2026;12;Diciembre;Sábado
6/12/2026;2026;12;Diciembre;Domingo
7/12/2026;2026;12;Diciembre;Lunes
8/12/2026;2026;12;Diciembre;Martes
9/12/2026;2026;12;Diciembre;Miércoles
10/12/2026;2026;12;Diciembre;Jueves
11/12/2026;2026;12;Diciembre;Viernes
12/12/2026;2026;12;Diciembre;Sábado
13/12/2026;2026;12;Diciembre;Domingo
14/12/2026;2026;12;Diciembre;Lunes
15/12/2026;2026;12;Diciembre;Martes
16/12/2026;2026;12;Diciembre;Miércoles
17/12/2026;2026;12;Diciembre;Jueves
18/12/2026;2026;12;Diciembre;Viernes
19/12/2026;2026;12;Diciembre;Sábado
20/12/2026;2026;12;Diciembre;Domingo
21/12/2026;2026;12;Diciembre;Lunes
22/12/2026;2026;12;Diciembre;Martes
23/12/2026;2026;12;Diciembre;Miércoles
24/12/2026;2026;12;Diciembre;Jueves
25/12/2026;2026;12;Diciembre;Viernes
26/12/2026;2026;12;Diciembre;Sábado
27/12/2026;2026;12;Diciembre;Domingo
28/12/2026;2026;12;Diciembre;Lunes
29/12/2026;2026;12;Diciembre;Martes
30/12/2026;2026;12;Diciembre;Miércoles
31/12/2026;2026;12;Diciembre;Jueves
